{"_step":14,"_wandb":{"runtime":151},"train_epochs":14,"test_loss":7.1377689982651375e-06,"_timestamp":1.7299499588732018e+09,"_runtime":150.9951679}