{"_step":19,"_wandb":{"runtime":358},"test_loss":1.7002805500376643e-05,"_timestamp":1.7299557989972813e+09,"_runtime":358.0740085}