{"test_loss":248.7299776691959,"_timestamp":1.7299550200227296e+09,"_wandb":{"runtime":443},"_runtime":443.2546398,"_step":19}