{"_step":19,"test_loss":4.383065667586281e-06,"_wandb":{"runtime":214},"_timestamp":1.729956029610093e+09,"_runtime":214.4766921}