{"test_loss":3.0719978123683133e-06,"_timestamp":1.729952028481736e+09,"_runtime":319.0532709,"_step":19,"_wandb":{"runtime":319},"train_epochs":19}