{"_timestamp":1.7299513481228528e+09,"_runtime":112.4181928,"_step":8,"train_epochs":8,"test_loss":2.724248373627899e-05,"_wandb":{"runtime":120}}