{"_runtime":333.7513941,"_step":19,"test_loss":3.0719978123683133e-06,"_timestamp":1.7299545324742692e+09,"_wandb":{"runtime":333}}