{"_timestamp":1.7299541904118578e+09,"_runtime":284.77196,"_step":19,"_wandb":{"runtime":284},"test_loss":4.058981824402504e-06}