{"test_loss":5.5658437868508805e-06,"_timestamp":1.7299554149374547e+09,"_runtime":385.9544814,"_step":19,"_wandb":{"runtime":386}}