{"_step":6,"_wandb":{"runtime":163},"test_loss":5.7335174744895955e+19,"_timestamp":1.7299537542263544e+09,"_runtime":159.8801474}