{"_runtime":195.784043,"_step":19,"_wandb":{"runtime":195},"test_loss":4.745900273365019e-06,"_timestamp":1.7299562343778849e+09}