{"train_epochs":19,"_wandb":{"runtime":297},"test_loss":4.745900273365019e-06,"_timestamp":1.7299525083629222e+09,"_runtime":297.4108044,"_step":19}