{"test_loss":7.1377689982651375e-06,"_timestamp":1.729956436782232e+09,"_runtime":171.305678,"_step":19,"_wandb":{"runtime":171}}